timestamp_ms,mode,airspeed,pitch_deg,v_z,alpha_deg,alpha_raw,del_e,del_a,del_f,del_r,n,J,C_mu,CL,lift_force,CD,drag_force,Cm,pitch_moment,throttle
301,TKOFF,0.01,0.00,-0.01,0.00,-121.75,0.00,40.00,40.00,0.00,1.0,0.833,0.5831,2.3457,0.0,1.4630,0.0,0.2889,0.0,-0.765
401,TKOFF,0.02,0.00,-0.02,0.00,-105.10,0.00,40.00,40.00,0.00,1.0,0.833,0.5831,2.3457,0.0,1.4630,0.0,0.1083,0.0,-0.943
501,TKOFF,0.03,0.00,-0.03,0.00,-100.03,0.00,40.00,40.00,0.00,1.0,0.833,0.5831,2.3457,0.0,1.4630,0.0,-0.0188,-0.0,-0.986
601,TKOFF,0.04,0.00,-0.04,0.00,-97.44,0.00,40.00,40.00,0.00,1.0,0.833,0.5831,2.3457,0.0,1.4630,0.0,0.0365,0.0,-0.997
701,TKOFF,0.05,0.00,-0.05,0.00,-95.50,0.00,40.00,40.00,0.00,1.0,0.833,0.5831,2.3457,0.0,1.4630,0.0,-0.0663,-0.0,-0.999
801,TKOFF,0.06,0.00,-0.06,0.00,-94.70,0.00,40.00,40.00,0.00,1.0,0.833,0.5831,2.3457,0.0,1.4630,0.0,-0.0157,-0.0,-1.000
901,TKOFF,0.07,0.00,-0.08,0.00,-93.81,0.00,40.00,40.00,0.00,1.0,0.833,0.5831,2.3457,0.0,1.4630,0.0,0.0254,0.0,-1.000
1001,TKOFF,0.09,0.00,-0.09,0.00,-93.46,0.00,40.00,40.00,0.00,1.0,0.833,0.5831,2.3457,0.0,1.4630,0.0,-0.0083,-0.0,-1.000
1101,TKOFF,0.10,0.00,-0.10,0.00,-92.91,0.00,40.00,40.00,0.00,1.0,0.833,0.5831,2.3457,0.0,1.4630,0.0,0.0133,0.0,-1.000
1201,TKOFF,0.11,0.00,-0.11,0.00,-92.62,0.00,40.00,40.00,0.00,1.0,0.880,0.5254,2.2014,0.0,1.3796,0.0,0.0000,0.0,-1.000
1301,TKOFF,0.12,0.00,-0.12,0.00,-92.37,0.00,40.00,40.00,0.00,1.0,0.988,0.4219,1.9427,0.0,1.2360,0.0,0.0087,0.0,-1.000
1401,TKOFF,0.13,0.00,-0.13,0.00,-92.24,0.00,40.00,40.00,0.00,1.0,1.078,0.3582,1.7833,0.0,1.1513,0.0,0.0073,0.0,-1.000
1501,TKOFF,0.14,0.00,-0.14,0.00,-92.25,0.00,40.00,40.00,0.00,1.0,1.158,0.3142,1.6732,0.0,1.0944,0.0,0.0063,0.0,-1.000
1601,TKOFF,0.15,0.00,-0.16,0.00,-92.08,0.00,40.00,40.00,0.00,1.0,1.258,0.2707,1.5644,0.0,1.0395,0.0,0.0054,0.0,-1.000
1701,TKOFF,0.16,0.00,-0.17,0.00,-91.81,0.00,40.00,40.00,0.00,1.0,1.367,0.2341,1.4726,0.0,0.9943,0.0,0.0045,0.0,-1.000
1801,TKOFF,0.17,-0.01,-0.18,0.00,-90.82,5.06,40.00,40.00,-1.13,1.0,1.454,0.2106,1.4967,0.0,0.9986,0.0,0.0050,0.0,-0.441
1901,TKOFF,0.18,-0.00,-0.18,0.00,-90.24,9.67,40.00,40.00,-3.01,1.0,1.474,0.2056,1.5593,0.0,1.0227,0.0,0.0013,0.0,-0.106
2001,TKOFF,0.18,0.00,-0.18,0.00,-90.09,11.93,40.00,40.00,-3.93,1.0,1.480,0.2042,1.5928,0.0,1.0361,0.0,0.0030,0.0,-0.026
2101,TKOFF,0.18,-5.05,-0.18,0.00,-90.28,13.03,40.00,40.00,-4.38,1.0,1.480,0.2042,1.6108,0.0,1.0435,0.0,-0.0076,-0.0,-0.006
2201,TKOFF,0.18,-10.09,-0.18,0.00,-90.50,13.58,40.00,40.00,-4.60,1.0,1.480,0.2042,1.6197,0.0,1.0472,0.0,0.0022,0.0,-0.001
2301,TKOFF,0.18,-9.47,-0.18,0.00,-90.47,13.84,40.00,40.00,-4.71,1.0,1.480,0.2042,1.6240,0.0,1.0490,0.0,-0.0025,-0.0,-0.000
2401,TKOFF,0.18,-7.43,-0.18,0.00,-90.38,13.98,40.00,40.00,-4.76,1.0,1.480,0.2042,1.6262,0.0,1.0499,0.0,-0.0010,-0.0,-0.000
2501,TKOFF,0.18,-7.07,-0.18,0.00,-90.36,14.04,40.00,40.00,-4.79,1.0,1.480,0.2042,1.6272,0.0,1.0503,0.0,0.0017,0.0,-0.000
2601,TKOFF,0.18,-7.83,-0.18,0.00,-90.39,14.07,40.00,40.00,-4.80,1.0,1.480,0.2042,1.6277,0.0,1.0505,0.0,0.0006,0.0,-0.000
2701,TKOFF,0.18,-6.99,-0.18,0.00,-90.36,14.09,40.00,40.00,-4.81,1.0,1.480,0.2042,1.6280,0.0,1.0506,0.0,0.0004,0.0,-0.000
2801,TKOFF,0.18,-3.76,-0.18,0.00,-90.21,14.09,40.00,40.00,-4.81,1.0,1.480,0.2042,1.6281,0.0,1.0507,0.0,-0.0018,-0.0,-0.000
2901,TKOFF,0.18,-0.77,-0.18,0.00,-90.08,14.10,40.00,40.00,-4.81,1.0,1.480,0.2042,1.6282,0.0,1.0507,0.0,-0.0043,-0.0,-0.000
3001,TKOFF,0.18,1.24,-0.18,0.00,-87.57,14.10,40.00,40.00,-4.81,1.0,1.482,0.2039,1.6274,0.0,1.0503,0.0,0.0038,0.0,-0.000
3101,TKOFF,0.18,3.25,-0.18,0.00,-75.38,14.10,40.00,40.00,-4.81,1.0,1.530,0.1931,1.6006,0.0,1.0368,0.0,-0.0036,-0.0,-0.000
3201,TKOFF,0.20,3.62,-0.18,0.00,-60.23,14.10,40.00,40.00,-4.82,1.0,1.706,0.1617,1.5219,0.0,0.9976,0.0,-0.0000,-0.0,-0.000
3301,TKOFF,0.24,4.00,-0.18,0.00,-47.74,14.10,40.00,40.00,-4.82,1.0,2.001,0.1266,1.4342,0.0,0.9548,0.0,-0.0000,-0.0,-0.000
3401,TKOFF,0.30,6.04,-0.18,0.00,-36.70,14.10,40.00,40.00,-4.82,1.0,2.478,0.0944,1.3536,0.0,0.9162,0.0,-0.0000,-0.0,-0.000
3501,TKOFF,0.39,8.49,-0.18,0.00,-26.74,14.10,40.00,40.00,-4.82,1.0,3.291,0.0686,1.2891,0.1,0.8858,0.0,-0.0000,-0.0,-0.000
3601,TKOFF,0.52,7.98,-0.18,0.00,-20.10,14.10,40.00,40.00,-4.82,1.0,4.309,0.0548,1.2544,0.1,0.8696,0.1,-0.0000,-0.0,-0.000
3701,TKOFF,0.61,5.51,-0.18,0.00,-17.08,14.10,40.00,40.00,-4.82,1.0,5.044,0.0496,1.2414,0.1,0.8636,0.1,-0.0003,-0.0,-0.000
3801,TKOFF,0.66,4.37,-0.18,0.00,-15.64,14.10,40.00,40.00,-4.82,1.0,5.493,0.0474,1.2360,0.1,0.8611,0.1,-0.0000,-0.0,-0.000
3901,TKOFF,0.72,5.25,-0.18,0.00,-14.33,14.10,40.00,40.00,-4.82,1.0,5.983,0.0456,1.2314,0.2,0.8590,0.1,0.0002,0.0,-0.000
4001,TKOFF,0.79,5.99,-0.18,0.00,-13.03,14.10,40.00,40.00,-4.82,1.0,6.571,0.0439,1.2272,0.2,0.8571,0.1,-0.0000,-0.0,-0.000
4101,TKOFF,0.87,6.51,-0.18,0.00,-11.84,14.10,40.00,40.00,-4.82,1.0,7.220,0.0425,1.2237,0.2,0.8555,0.2,-0.0001,-0.0,-0.000
4201,TKOFF,0.95,6.68,-0.19,0.00,-10.99,14.10,40.00,40.00,-4.82,1.0,7.928,0.0414,1.2209,0.3,0.8542,0.2,204.8387,11.6,-0.000
4301,TKOFF,1.03,5.45,-0.21,0.00,-11.67,14.10,40.00,40.00,-4.82,1.0,8.568,0.0406,1.2189,0.3,0.8532,0.2,374.4223,24.7,-0.000
4401,TKOFF,1.09,4.22,-0.27,0.00,-13.68,14.10,40.00,40.00,-4.82,1.0,9.081,0.0401,1.2176,0.4,0.8527,0.3,485.3038,36.0,-0.000
4501,TKOFF,1.16,5.33,-0.34,0.00,-16.44,14.10,40.00,40.00,-4.82,1.0,9.666,0.0396,1.2164,0.4,0.8521,0.3,594.0786,50.0,-0.000
4601,TKOFF,1.26,6.43,-0.44,0.00,-19.81,14.10,40.00,40.00,-4.82,1.0,10.516,0.0390,1.2150,0.5,0.8514,0.4,720.3954,71.7,-0.000
4701,TKOFF,1.39,5.08,-0.59,0.00,-24.36,14.10,40.00,40.00,-4.82,1.0,11.555,0.0385,1.2137,0.6,0.8508,0.4,835.7610,100.5,-0.000
4801,TKOFF,1.51,3.11,-0.79,0.00,-30.64,14.10,40.00,40.00,-4.82,1.0,12.622,0.0381,1.2126,0.7,0.8504,0.5,925.9773,132.8,-0.000
4901,TKOFF,1.67,1.95,-1.07,0.00,-38.35,14.10,40.00,40.00,-4.82,1.0,13.935,0.0377,1.2117,0.9,0.8499,0.6,1010.7724,176.7,-0.000
5001,TKOFF,1.93,3.35,-1.44,0.00,-42.37,14.10,40.00,40.00,-4.82,1.0,16.061,0.0372,1.2106,1.2,0.8494,0.8,1091.7160,253.5,-0.000
5101,TKOFF,2.39,39.09,-2.08,0.00,-14.70,14.10,40.00,40.00,-4.82,1.0,19.923,0.0368,1.2095,1.8,0.8489,1.3,1205.7745,430.9,-0.000
5201,TKOFF,26.33,23.58,-8.61,19.58,19.58,14.10,40.00,40.00,-4.82,1.0,219.379,0.0360,63.5700,11475.3,227.0704,40989.5,1444.7844,62593.1,-0.000
5301,CRUISE,30.51,-29.00,-31.37,-20.00,-71.54,14.10,0.00,0.00,-4.82,1.0,254.271,0.0360,-0.0677,-16.4,0.1926,46.7,-0.6261,-36.4,-0.000
5401,TKOFF,25.41,54.00,-22.71,20.00,157.10,14.10,40.00,40.00,-4.82,1.0,211.783,0.0360,103.4120,17389.2,599.6326,100830.8,1555.9876,62795.0,-0.000
5501,TKOFF,28.86,-34.26,-22.17,6.90,6.90,14.10,40.00,40.00,-4.82,1.0,240.468,0.0360,1.7838,386.6,0.9445,204.7,1385.1101,72051.4,-0.000
5601,TKOFF,7.26,23.59,-4.46,-20.00,-141.64,14.10,40.00,40.00,-4.82,1.0,60.511,0.0361,83.1545,1141.2,387.9877,5324.6,1337.2593,4404.5,-0.000
5701,TKOFF,16.96,0.96,-8.54,-20.00,-55.82,14.10,40.00,40.00,-4.82,1.0,141.333,0.0360,83.1544,6224.8,387.9874,29044.1,1314.8295,23622.2,-0.000
5801,TKOFF,11.07,-3.33,8.80,-14.64,-14.64,14.10,40.00,40.00,-4.82,1.0,92.209,0.0360,10.7657,343.1,7.2568,231.3,1364.5595,10436.3,-0.000
5901,TKOFF,4.67,-6.58,3.58,0.00,-175.62,14.10,40.00,40.00,-4.82,1.0,38.888,0.0362,1.2080,6.8,0.8482,4.8,1275.3636,1735.0,-0.000
6001,TKOFF,8.54,15.77,1.25,-15.70,-15.70,14.10,40.00,40.00,-4.82,1.0,71.154,0.0360,17.1113,324.7,17.1630,325.7,1353.4724,6164.3,-0.000
6101,TKOFF,6.41,6.17,2.91,-20.00,-157.91,14.10,40.00,40.00,-4.82,1.0,53.438,0.0361,83.1545,890.0,387.9878,4152.8,1274.4271,3273.8,-0.000
6201,TKOFF,22.70,10.01,-22.98,-20.00,-63.88,14.10,40.00,40.00,-4.82,1.0,189.157,0.0360,83.1544,11151.8,387.9874,52032.6,1349.4608,43434.0,-0.000
6301,TKOFF,17.58,16.30,-14.29,20.00,87.35,14.10,40.00,40.00,-4.82,1.0,146.467,0.0360,103.4120,8313.3,599.6330,48204.8,1548.9884,29885.7,-0.000
6401,CRUISE,30.21,1.15,-29.41,-16.98,-16.98,14.10,0.00,0.00,-4.82,1.0,251.758,0.0360,-1.3572,-322.3,0.2771,65.8,-0.0000,-0.0,-0.000
6501,TKOFF,23.33,7.40,-9.26,-20.00,-129.43,14.10,40.00,40.00,-4.82,1.0,194.454,0.0360,83.1544,11778.1,387.9874,54954.9,1342.0566,45621.6,-0.000
6601,CRUISE,30.22,8.04,-13.59,20.00,65.28,14.10,0.00,0.00,-4.82,1.0,251.810,0.0360,0.5843,138.8,0.2081,49.4,-0.9361,-53.4,-0.000
6701,CRUISE,30.87,-3.26,9.62,-20.00,-64.08,14.10,0.00,0.00,-4.82,1.0,257.209,0.0360,-0.0677,-16.8,0.1926,47.7,-0.3019,-18.0,-0.000
6801,CRUISE,30.65,0.65,9.60,20.00,107.51,14.10,0.00,0.00,-4.82,1.0,255.434,0.0360,0.5843,142.8,0.2081,50.8,-0.7277,-42.7,-0.000
6901,CRUISE,30.90,16.31,11.46,-20.00,-83.17,14.10,0.00,0.00,-4.82,1.0,257.479,0.0360,-0.0677,-16.8,0.1926,47.8,-0.3018,-18.0,-0.000
7001,CRUISE,31.27,7.16,11.59,20.00,79.68,14.10,0.00,0.00,-4.82,1.0,260.543,0.0360,0.5843,148.6,0.2081,52.9,-0.6843,-41.8,-0.000
7101,CRUISE,31.19,-4.79,13.12,-20.00,-119.85,14.10,0.00,0.00,-4.82,1.0,259.956,0.0360,-0.0677,-17.1,0.1926,48.8,-0.1730,-10.5,-0.000
7201,CRUISE,31.90,-11.04,13.46,20.00,35.37,14.10,0.00,0.00,-4.82,1.0,265.855,0.0360,0.5843,154.8,0.2081,55.1,-0.6553,-41.7,-0.000
7301,CRUISE,31.35,-0.25,14.45,-20.00,-171.93,14.10,0.00,0.00,-4.82,1.0,261.239,0.0360,-0.0677,-17.3,0.1926,49.3,-0.1155,-7.1,-0.000
7401,CRUISE,32.59,9.45,15.95,-20.00,-22.72,14.10,0.00,0.00,-4.82,1.0,271.609,0.0360,-0.0677,-18.7,0.1926,53.3,-0.1707,-11.3,-0.000
7501,CRUISE,32.26,-2.90,15.93,20.00,121.88,14.10,0.00,0.00,-4.82,1.0,268.865,0.0360,0.5843,158.4,0.2081,56.4,-0.5665,-36.9,-0.000
7601,CRUISE,33.27,-36.15,17.75,-20.00,-96.32,14.10,0.00,0.00,-4.82,1.0,277.264,0.0360,-0.0677,-19.5,0.1926,55.5,-0.2736,-18.9,-0.000
7701,CRUISE,33.72,-18.79,17.73,20.00,39.90,14.10,0.00,0.00,-4.82,1.0,281.040,0.0360,0.5843,173.1,0.2081,61.6,-0.5801,-41.2,-0.000
7801,CRUISE,33.19,-8.04,18.61,20.00,174.12,14.10,0.00,0.00,-4.82,1.0,276.613,0.0360,0.5843,167.7,0.2081,59.7,-0.5068,-34.9,-0.000
7901,TKOFF,0.68,-1.26,0.00,0.00,0.00,14.10,40.00,40.00,-4.82,1.0,5.673,0.0467,1.2342,0.1,0.8603,0.1,-0.0001,-0.0,-0.000
8001,TKOFF,0.81,14.17,0.00,0.00,0.00,14.10,40.00,40.00,-4.82,1.0,6.741,0.0435,1.2262,0.2,0.8566,0.1,-0.0000,-0.0,-0.000
8101,TKOFF,1.07,18.83,-0.00,0.00,-0.03,14.10,40.00,40.00,-4.82,1.0,8.880,0.0402,1.2181,0.4,0.8529,0.3,492.3969,35.0,-0.000
8201,TKOFF,1.42,21.95,-0.06,0.00,-2.41,14.10,40.00,40.00,-4.82,1.0,11.808,0.0384,1.2134,0.6,0.8507,0.4,896.8970,112.6,-0.000
8301,TKOFF,1.86,21.07,-0.30,0.00,-8.93,14.10,40.00,40.00,-4.82,1.0,15.491,0.0373,1.2109,1.1,0.8495,0.8,1105.9451,238.9,-0.000
8401,TKOFF,2.49,22.14,-0.84,0.00,-19.18,14.10,40.00,40.00,-4.82,1.0,20.729,0.0367,1.2093,1.9,0.8488,1.4,1236.9980,478.6,-0.000
8501,TKOFF,3.83,32.89,-2.19,0.00,-13.33,14.10,40.00,40.00,-4.82,1.0,31.884,0.0363,1.2082,4.6,0.8483,3.2,1302.9805,1192.6,-0.000
8601,TKOFF,3.68,5.74,-3.58,0.00,115.30,14.10,40.00,40.00,-4.82,1.0,30.684,0.0363,1.2083,4.3,0.8484,3.0,1225.2319,1038.5,-0.000
8701,TKOFF,5.00,-1.78,-4.54,-20.00,-35.90,14.10,40.00,40.00,-4.82,1.0,41.702,0.0362,83.1545,542.4,387.9880,2531.0,1217.6243,1906.3,-0.000
8801,TKOFF,3.00,-5.77,-3.09,0.00,137.87,14.10,40.00,40.00,-4.82,1.0,25.013,0.0365,1.2087,2.8,0.8486,2.0,1163.3058,655.2,-0.000
8901,TKOFF,3.27,-6.42,-3.34,0.00,-16.54,14.10,40.00,40.00,-4.82,1.0,27.278,0.0364,1.2085,3.4,0.8485,2.4,1192.2198,798.6,-0.000
9001,TKOFF,1.42,-2.74,-1.46,0.00,174.92,14.10,40.00,40.00,-4.82,1.0,11.850,0.0383,1.2133,0.6,0.8507,0.4,616.3693,77.9,-0.000
9101,TKOFF,1.01,-12.39,-1.03,0.00,7.27,14.10,40.00,40.00,-4.82,1.0,8.434,0.0407,1.2193,0.3,0.8534,0.2,16.2252,1.0,-0.000
9201,TKOFF,0.44,-8.67,0.41,0.00,10.24,14.10,40.00,40.00,-4.82,1.0,3.654,0.0623,1.2733,0.1,0.8784,0.0,-0.0003,-0.0,-0.000
9301,TKOFF,0.82,18.22,0.82,0.00,-111.65,14.10,40.00,40.00,-4.82,1.0,6.825,0.0433,1.2257,0.2,0.8564,0.1,-0.0000,-0.0,-0.000
9401,TKOFF,1.71,-22.59,1.72,0.00,63.25,14.10,40.00,40.00,-4.82,1.0,14.270,0.0376,1.2115,0.9,0.8498,0.6,852.8374,156.3,-0.000
9501,TKOFF,2.87,13.85,2.90,0.00,-74.43,14.10,40.00,40.00,-4.82,1.0,23.916,0.0365,1.2088,2.6,0.8486,1.8,1149.9446,592.1,-0.000
9601,TKOFF,3.82,4.51,3.76,0.00,97.84,14.10,40.00,40.00,-4.82,1.0,31.804,0.0363,1.2082,4.6,0.8483,3.2,1233.9497,1123.6,-0.000
9701,TKOFF,5.54,4.59,5.68,-20.00,-49.96,14.10,40.00,40.00,-4.82,1.0,46.179,0.0361,83.1545,665.2,387.9879,3103.6,1252.0130,2403.6,-0.000
9801,TKOFF,3.93,2.93,3.26,0.00,118.16,14.10,40.00,40.00,-4.82,1.0,32.787,0.0363,1.2082,4.9,0.8483,3.4,1240.9707,1201.1,-0.000
9901,TKOFF,0.07,13.89,-0.03,0.00,-22.17,14.10,40.00,40.00,-4.82,1.0,0.833,0.5831,2.5761,0.0,1.5801,0.0,0.0224,0.0,-0.000
10001,TKOFF,0.25,0.44,-0.03,0.00,-6.48,14.10,40.00,40.00,-4.82,1.0,2.054,0.1219,1.4223,0.0,0.9490,0.0,0.0020,0.0,-0.000
10101,TKOFF,0.03,-18.86,-0.03,0.00,-95.32,14.10,40.00,40.00,-4.82,1.0,0.833,0.5831,2.5761,0.0,1.5801,0.0,-0.0000,-0.0,-0.000
10201,TKOFF,0.11,19.29,-0.03,0.00,-15.36,14.10,40.00,40.00,-4.82,1.0,0.876,0.5299,2.4431,0.0,1.4997,0.0,0.0055,0.0,-0.000
10301,TKOFF,0.68,45.15,-0.03,0.00,-2.36,14.10,40.00,40.00,-4.82,1.0,5.626,0.0468,1.2346,0.1,0.8605,0.1,-0.0000,-0.0,-0.000
10401,TKOFF,1.45,49.42,-0.03,0.00,-1.10,14.10,40.00,40.00,-4.82,1.0,12.078,0.0382,1.2131,0.7,0.8506,0.5,1062.4403,139.5,-0.000
10501,TKOFF,2.89,51.52,-0.29,0.00,-5.66,14.10,40.00,40.00,-4.82,1.0,24.082,0.0365,1.2088,2.6,0.8486,1.8,1318.6414,688.5,-0.000
10601,TKOFF,8.79,63.21,-6.00,20.00,23.72,14.10,40.00,40.00,-4.82,1.0,73.244,0.0360,103.4122,2081.1,599.6354,12067.4,1451.9617,7012.8,-0.000
10701,TKOFF,22.32,-43.90,-7.12,-20.00,-112.99,14.10,40.00,40.00,-4.82,1.0,185.970,0.0360,83.1544,10788.1,387.9874,50335.7,1243.3279,38712.9,-0.000
10801,CRUISE,30.04,-0.17,-14.58,20.00,74.78,14.10,0.00,0.00,-4.82,1.0,250.346,0.0360,0.5843,137.4,0.2081,48.9,-0.9254,-52.2,-0.000
10901,CRUISE,30.49,-7.04,9.71,-20.00,-62.54,14.10,0.00,0.00,-4.82,1.0,254.075,0.0360,-0.0677,-16.4,0.1926,46.6,-9.7181,-564.7,-0.000
11001,CRUISE,30.71,13.37,10.56,20.00,39.42,14.10,0.00,0.00,-4.82,1.0,255.913,0.0360,0.5843,143.6,0.2081,51.1,-6.5219,-384.5,-0.000
11101,TKOFF,7.26,3.01,-0.00,20.00,63.18,14.10,40.00,40.00,-4.82,1.0,60.525,0.0361,103.4124,1421.2,599.6369,8240.6,1501.8899,4953.6,-0.000
11201,TKOFF,4.59,-8.99,-2.36,0.00,6.62,14.10,40.00,40.00,-4.82,1.0,38.274,0.0362,1.2080,6.6,0.8482,4.7,1296.1703,1709.6,-0.000
11301,TKOFF,2.41,11.54,-1.16,0.00,-159.45,14.10,40.00,40.00,-4.82,1.0,20.122,0.0368,1.2094,1.8,0.8489,1.3,1072.3966,390.9,-0.000
11401,TKOFF,2.65,-10.12,-1.25,0.00,41.20,14.10,40.00,40.00,-4.82,1.0,22.115,0.0366,1.2091,2.2,0.8487,1.6,1116.0597,491.4,-0.000
11501,TKOFF,2.22,-2.75,0.51,0.00,-78.82,14.10,40.00,40.00,-4.82,1.0,18.460,0.0369,1.2098,1.5,0.8491,1.1,1020.6215,313.1,-0.000
11601,TKOFF,1.98,-9.80,0.57,0.00,124.48,14.10,40.00,40.00,-4.82,1.0,16.509,0.0372,1.2104,1.2,0.8494,0.9,950.1873,233.2,-0.000
11701,TKOFF,3.46,-4.18,2.19,0.00,-14.12,14.10,40.00,40.00,-4.82,1.0,28.821,0.0364,1.2084,3.8,0.8484,2.6,1208.1628,903.5,-0.000
11801,TKOFF,2.81,0.53,2.10,0.00,-165.79,14.10,40.00,40.00,-4.82,1.0,23.456,0.0366,1.2089,2.5,0.8487,1.8,1138.4641,564.0,-0.000
11901,TKOFF,0.02,-24.84,-0.02,0.00,-100.05,14.10,40.00,40.00,-4.82,1.0,0.833,0.5831,2.5761,0.0,1.5801,0.0,0.4962,0.0,-0.000
12001,TKOFF,0.02,-39.54,-0.02,0.00,-105.01,14.10,40.00,40.00,-4.82,1.0,0.833,0.5831,2.5761,0.0,1.5801,0.0,0.1592,0.0,-0.000
12101,TKOFF,0.02,-56.25,-0.02,0.00,-109.30,14.10,40.00,40.00,-4.82,1.0,0.833,0.5831,2.5761,0.0,1.5801,0.0,-0.0000,-0.0,-0.000
12201,TKOFF,0.02,-50.60,-0.02,0.00,-108.03,14.10,40.00,40.00,-4.82,1.0,0.833,0.5831,2.5761,0.0,1.5801,0.0,-0.1543,-0.0,-0.000
12301,TKOFF,0.02,-31.11,-0.02,0.00,-102.29,14.10,40.00,40.00,-4.82,1.0,0.833,0.5831,2.5761,0.0,1.5801,0.0,-0.0000,-0.0,-0.000
12401,TKOFF,0.02,-23.60,-0.02,0.00,-99.59,14.10,40.00,40.00,-4.82,1.0,0.833,0.5831,2.5761,0.0,1.5801,0.0,0.1659,0.0,-0.000
12501,TKOFF,0.02,-16.34,-0.02,0.00,-96.78,14.10,40.00,40.00,-4.82,1.0,0.833,0.5831,2.5761,0.0,1.5801,0.0,-0.0000,-0.0,-0.000
12601,TKOFF,0.02,-9.22,-0.02,0.00,-93.89,14.10,40.00,40.00,-4.82,1.0,0.833,0.5831,2.5761,0.0,1.5801,0.0,-0.0000,-0.0,-0.000
12701,TKOFF,0.02,-4.27,-0.02,0.00,-91.84,14.10,40.00,40.00,-4.82,1.0,0.833,0.5831,2.5761,0.0,1.5801,0.0,0.6815,0.0,-0.000
12801,TKOFF,0.02,-2.44,-0.02,0.00,-91.07,14.10,40.00,40.00,-4.82,1.0,0.833,0.5831,2.5761,0.0,1.5801,0.0,0.3410,0.0,-0.000
12901,TKOFF,0.02,-0.47,-0.02,0.00,-90.24,14.10,40.00,40.00,-4.82,1.0,0.833,0.5831,2.5761,0.0,1.5801,0.0,0.3411,0.0,-0.000
13001,TKOFF,0.02,1.54,-0.02,0.00,-58.89,14.10,40.00,40.00,-4.82,1.0,0.833,0.5831,2.5761,0.0,1.5801,0.0,0.2499,0.0,-0.000
13101,TKOFF,0.06,3.36,-0.02,0.00,-18.97,14.10,40.00,40.00,-4.82,1.0,0.833,0.5831,2.5761,0.0,1.5801,0.0,0.0360,0.0,-0.000
13201,TKOFF,0.12,4.06,-0.02,0.00,-9.35,14.10,40.00,40.00,-4.82,1.0,0.971,0.4359,2.2080,0.0,1.3626,0.0,-0.0000,-0.0,-0.000
13301,TKOFF,0.19,4.58,-0.02,0.00,-5.87,14.10,40.00,40.00,-4.82,1.0,1.542,0.1907,1.5945,0.0,1.0337,0.0,-0.0036,-0.0,-0.000
13401,TKOFF,0.25,4.29,-0.02,0.00,-4.31,14.10,40.00,40.00,-4.82,1.0,2.097,0.1183,1.4134,0.0,0.9447,0.0,-0.0010,-0.0,-0.000
13501,TKOFF,0.31,3.93,-0.02,0.00,-3.49,14.10,40.00,40.00,-4.82,1.0,2.594,0.0892,1.3405,0.0,0.9100,0.0,-0.0000,-0.0,-0.000
13601,TKOFF,0.36,3.32,-0.02,0.00,-3.01,14.10,40.00,40.00,-4.82,1.0,3.006,0.0753,1.3058,0.0,0.8936,0.0,0.0005,0.0,-0.000
13701,TKOFF,0.40,2.67,-0.02,0.00,-2.72,14.10,40.00,40.00,-4.82,1.0,3.319,0.0681,1.2877,0.1,0.8851,0.0,-0.0004,-0.0,-0.000
13801,TKOFF,0.42,2.01,-0.02,0.00,-2.56,14.10,40.00,40.00,-4.82,1.0,3.534,0.0642,1.2780,0.1,0.8806,0.0,0.0010,0.0,-0.000
13901,TKOFF,0.44,1.36,-0.02,0.00,-2.48,14.10,40.00,40.00,-4.82,1.0,3.652,0.0623,1.2734,0.1,0.8785,0.0,0.0003,0.0,-0.000
14001,TKOFF,0.44,0.83,-0.02,0.00,-2.45,14.10,40.00,40.00,-4.82,1.0,3.688,0.0618,1.2721,0.1,0.8778,0.0,-0.0003,-0.0,-0.000
14101,TKOFF,0.44,0.35,-0.02,0.00,-2.47,14.10,40.00,40.00,-4.82,1.0,3.652,0.0623,1.2734,0.1,0.8785,0.0,-0.0003,-0.0,-0.000
14201,TKOFF,0.43,0.04,-0.02,0.00,-2.53,14.10,40.00,40.00,-4.82,1.0,3.566,0.0637,1.2767,0.1,0.8800,0.0,-0.0007,-0.0,-0.000
14301,TKOFF,0.41,-0.19,-0.02,0.00,-2.62,14.10,40.00,40.00,-4.82,1.0,3.445,0.0657,1.2818,0.1,0.8824,0.0,0.0004,0.0,-0.000
14401,TKOFF,0.40,-0.29,-0.02,0.00,-2.73,14.10,40.00,40.00,-4.82,1.0,3.309,0.0683,1.2882,0.1,0.8853,0.0,-0.0004,-0.0,-0.000
14501,TKOFF,0.38,-0.33,-0.02,0.00,-2.85,14.10,40.00,40.00,-4.82,1.0,3.167,0.0713,1.2958,0.0,0.8889,0.0,-0.0008,-0.0,-0.000
14601,TKOFF,0.36,-0.31,-0.02,0.00,-2.98,14.10,40.00,40.00,-4.82,1.0,3.029,0.0747,1.3042,0.0,0.8929,0.0,-0.0005,-0.0,-0.000
14701,TKOFF,0.35,-0.26,-0.02,0.00,-3.12,14.10,40.00,40.00,-4.82,1.0,2.901,0.0783,1.3132,0.0,0.8971,0.0,-0.0000,-0.0,-0.000
14801,TKOFF,0.33,-0.20,-0.02,0.00,-3.25,14.10,40.00,40.00,-4.82,1.0,2.784,0.0820,1.3226,0.0,0.9015,0.0,0.0005,0.0,-0.000
14901,TKOFF,0.32,-0.15,-0.02,0.00,-3.38,14.10,40.00,40.00,-4.82,1.0,2.678,0.0858,1.3321,0.0,0.9060,0.0,-0.0000,-0.0,-0.000
15001,TKOFF,0.31,-0.09,-0.02,0.00,-3.50,14.10,40.00,40.00,-4.82,1.0,2.584,0.0896,1.3416,0.0,0.9105,0.0,-0.0013,-0.0,-0.000
15101,TKOFF,0.30,-0.04,-0.02,0.00,-3.62,14.10,40.00,40.00,-4.82,1.0,2.499,0.0934,1.3511,0.0,0.9150,0.0,0.0007,0.0,-0.000
15201,TKOFF,0.29,-0.03,-0.02,0.00,-3.74,14.10,40.00,40.00,-4.82,1.0,2.421,0.0973,1.3608,0.0,0.9196,0.0,-0.0000,-0.0,-0.000
15301,TKOFF,0.28,-0.01,-0.02,0.00,-3.85,14.10,40.00,40.00,-4.82,1.0,2.347,0.1013,1.3708,0.0,0.9244,0.0,0.0008,0.0,-0.000
15401,TKOFF,0.27,0.01,-0.02,0.00,-3.97,14.10,40.00,40.00,-4.82,1.0,2.278,0.1054,1.3812,0.0,0.9293,0.0,-0.0016,-0.0,-0.000
15501,TKOFF,0.27,0.02,-0.02,0.00,-4.09,14.10,40.00,40.00,-4.82,1.0,2.213,0.1097,1.3918,0.0,0.9344,0.0,0.0017,0.0,-0.000
15601,TKOFF,0.26,0.03,-0.02,0.00,-4.20,14.10,40.00,40.00,-4.82,1.0,2.151,0.1141,1.4028,0.0,0.9397,0.0,-0.0009,-0.0,-0.000
15701,TKOFF,0.25,0.04,-0.02,0.00,-4.32,14.10,40.00,40.00,-4.82,1.0,2.093,0.1186,1.4142,0.0,0.9451,0.0,0.0010,0.0,-0.000
15801,TKOFF,0.24,0.04,-0.02,0.00,-4.44,14.10,40.00,40.00,-4.82,1.0,2.036,0.1234,1.4262,0.0,0.9509,0.0,-0.0010,-0.0,-0.000
15901,TKOFF,0.24,0.04,-0.02,0.00,-4.57,14.10,40.00,40.00,-4.82,1.0,1.981,0.1285,1.4388,0.0,0.9570,0.0,0.0022,0.0,-0.000
16001,TKOFF,0.23,0.03,-0.02,0.00,-4.69,14.10,40.00,40.00,-4.82,1.0,1.927,0.1339,1.4523,0.0,0.9636,0.0,0.0011,0.0,-0.000
16101,TKOFF,0.22,0.03,-0.02,0.00,-4.83,14.10,40.00,40.00,-4.82,1.0,1.874,0.1396,1.4667,0.0,0.9706,0.0,-0.0036,-0.0,-0.000
16201,TKOFF,0.22,0.03,-0.02,0.00,-4.96,14.10,40.00,40.00,-4.82,1.0,1.823,0.1457,1.4820,0.0,0.9780,0.0,-0.0000,-0.0,-0.000
16301,TKOFF,0.21,0.03,-0.02,0.00,-5.11,14.10,40.00,40.00,-4.82,1.0,1.772,0.1522,1.4983,0.0,0.9860,0.0,-0.0027,-0.0,-0.000
16401,TKOFF,0.21,0.02,-0.02,0.00,-5.25,14.10,40.00,40.00,-4.82,1.0,1.724,0.1591,1.5154,0.0,0.9944,0.0,0.0029,0.0,-0.000
16501,TKOFF,0.20,0.03,-0.02,0.00,-5.40,14.10,40.00,40.00,-4.82,1.0,1.676,0.1663,1.5335,0.0,1.0034,0.0,-0.0000,-0.0,-0.000
16601,TKOFF,0.20,0.04,-0.02,0.00,-5.55,14.10,40.00,40.00,-4.82,1.0,1.631,0.1738,1.5522,0.0,1.0126,0.0,-0.0000,-0.0,-0.000
16701,TKOFF,0.19,0.04,-0.02,0.00,-5.70,14.10,40.00,40.00,-4.82,1.0,1.589,0.1815,1.5714,0.0,1.0222,0.0,-0.0034,-0.0,-0.000
16801,TKOFF,0.19,0.04,-0.02,0.00,-5.85,14.10,40.00,40.00,-4.82,1.0,1.547,0.1896,1.5917,0.0,1.0323,0.0,-0.0000,-0.0,-0.000
16901,TKOFF,0.18,0.03,-0.02,0.00,-6.01,14.10,40.00,40.00,-4.82,1.0,1.507,0.1982,1.6132,0.0,1.0431,0.0,-0.0000,-0.0,-0.000
17001,TKOFF,0.18,0.03,-0.02,0.00,-6.17,14.10,40.00,40.00,-4.82,1.0,1.467,0.2073,1.6359,0.0,1.0546,0.0,-0.0000,-0.0,-0.000
17101,TKOFF,0.17,0.03,-0.02,0.00,-6.34,14.10,40.00,40.00,-4.82,1.0,1.429,0.2169,1.6599,0.0,1.0668,0.0,0.0042,0.0,-0.000
17201,TKOFF,0.17,0.03,-0.02,0.00,-6.51,14.10,40.00,40.00,-4.82,1.0,1.391,0.2270,1.6854,0.0,1.0798,0.0,0.0044,0.0,-0.000
17301,TKOFF,0.16,0.03,-0.02,0.00,-6.69,14.10,40.00,40.00,-4.82,1.0,1.354,0.2379,1.7125,0.0,1.0937,0.0,-0.0000,-0.0,-0.000
17401,TKOFF,0.16,0.02,-0.02,0.00,-6.87,14.10,40.00,40.00,-4.82,1.0,1.318,0.2494,1.7414,0.0,1.1086,0.0,-0.0000,-0.0,-0.000
17501,TKOFF,0.15,0.02,-0.02,0.00,-7.06,14.10,40.00,40.00,-4.82,1.0,1.283,0.2617,1.7722,0.0,1.1247,0.0,-0.0000,-0.0,-0.000
17601,TKOFF,0.15,0.02,-0.02,0.00,-7.26,14.10,40.00,40.00,-4.82,1.0,1.248,0.2749,1.8051,0.0,1.1419,0.0,-0.0000,-0.0,-0.000
17701,TKOFF,0.15,0.02,-0.02,0.00,-7.46,14.10,40.00,40.00,-4.82,1.0,1.214,0.2888,1.8399,0.0,1.1602,0.0,-0.0000,-0.0,-0.000
17801,TKOFF,0.14,0.02,-0.02,0.00,-7.67,14.10,40.00,40.00,-4.82,1.0,1.181,0.3034,1.8763,0.0,1.1796,0.0,0.0061,0.0,-0.000
17901,TKOFF,0.14,0.02,-0.02,0.00,-7.88,14.10,40.00,40.00,-4.82,1.0,1.150,0.3186,1.9144,0.0,1.1999,0.0,-0.0064,-0.0,-0.000
18001,TKOFF,0.13,0.02,-0.02,0.00,-8.10,14.10,40.00,40.00,-4.82,1.0,1.119,0.3345,1.9543,0.0,1.2215,0.0,-0.0000,-0.0,-0.000
18101,TKOFF,0.13,0.02,-0.02,0.00,-8.32,14.10,40.00,40.00,-4.82,1.0,1.090,0.3513,1.9964,0.0,1.2444,0.0,-0.0071,-0.0,-0.000
18201,TKOFF,0.13,0.02,-0.02,0.00,-8.54,14.10,40.00,40.00,-4.82,1.0,1.061,0.3690,2.0405,0.0,1.2686,0.0,-0.0000,-0.0,-0.000
18301,TKOFF,0.12,0.02,-0.02,0.00,-8.77,14.10,40.00,40.00,-4.82,1.0,1.034,0.3874,2.0867,0.0,1.2942,0.0,0.0079,0.0,-0.000
18401,TKOFF,0.12,0.03,-0.02,0.00,-9.01,14.10,40.00,40.00,-4.82,1.0,1.007,0.4066,2.1346,0.0,1.3210,0.0,-0.0000,-0.0,-0.000
18501,TKOFF,0.12,0.03,-0.02,0.00,-9.23,14.10,40.00,40.00,-4.82,1.0,0.983,0.4259,2.1830,0.0,1.3484,0.0,0.0088,0.0,-0.000
18601,TKOFF,0.12,0.04,-0.02,0.00,-9.46,14.10,40.00,40.00,-4.82,1.0,0.960,0.4456,2.2321,0.0,1.3763,0.0,0.0092,0.0,-0.000
18701,TKOFF,0.11,0.05,-0.02,0.00,-9.68,14.10,40.00,40.00,-4.82,1.0,0.938,0.4653,2.2815,0.0,1.4048,0.0,0.0096,0.0,-0.000
18801,TKOFF,0.11,0.05,-0.02,0.00,-9.90,14.10,40.00,40.00,-4.82,1.0,0.917,0.4852,2.3312,0.0,1.4337,0.0,-0.0000,-0.0,-0.000
18901,TKOFF,0.11,0.06,-0.02,0.00,-10.11,14.10,40.00,40.00,-4.82,1.0,0.898,0.5051,2.3810,0.0,1.4629,0.0,-0.0000,-0.0,-0.000
19001,TKOFF,0.11,0.06,-0.02,0.00,-10.32,14.10,40.00,40.00,-4.82,1.0,0.880,0.5249,2.4307,0.0,1.4924,0.0,-0.0109,-0.0,-0.000
19101,TKOFF,0.10,0.06,-0.02,0.00,-10.52,14.10,40.00,40.00,-4.82,1.0,0.863,0.5447,2.4802,0.0,1.5220,0.0,-0.0000,-0.0,-0.000
19201,TKOFF,0.10,0.07,-0.02,0.00,-10.72,14.10,40.00,40.00,-4.82,1.0,0.848,0.5644,2.5294,0.0,1.5516,0.0,-0.0000,-0.0,-0.000
19301,TKOFF,0.10,0.07,-0.02,0.00,-10.92,14.10,40.00,40.00,-4.82,1.0,0.833,0.5831,2.5761,0.0,1.5801,0.0,0.0122,0.0,-0.000
19401,TKOFF,0.10,0.08,-0.02,0.00,-11.10,14.10,40.00,40.00,-4.82,1.0,0.833,0.5831,2.5761,0.0,1.5801,0.0,-0.0000,-0.0,-0.000
19501,TKOFF,0.10,0.08,-0.02,0.00,-11.28,14.10,40.00,40.00,-4.82,1.0,0.833,0.5831,2.5761,0.0,1.5801,0.0,0.0261,0.0,-0.000
19601,TKOFF,0.10,0.08,-0.02,0.00,-11.46,14.10,40.00,40.00,-4.82,1.0,0.833,0.5831,2.5761,0.0,1.5801,0.0,-0.0000,-0.0,-0.000
19701,TKOFF,0.09,0.09,-0.02,0.00,-11.62,14.10,40.00,40.00,-4.82,1.0,0.833,0.5831,2.5761,0.0,1.5801,0.0,-0.0000,-0.0,-0.000
19801,TKOFF,0.09,0.09,-0.02,0.00,-11.78,14.10,40.00,40.00,-4.82,1.0,0.833,0.5831,2.5761,0.0,1.5801,0.0,-0.0000,-0.0,-0.000
19901,TKOFF,0.09,0.09,-0.02,0.00,-11.93,14.10,40.00,40.00,-4.82,1.0,0.833,0.5831,2.5761,0.0,1.5801,0.0,-0.0000,-0.0,-0.000
20001,TKOFF,0.09,0.10,-0.02,0.00,-12.07,14.10,40.00,40.00,-4.82,1.0,0.833,0.5831,2.5761,0.0,1.5801,0.0,-0.0000,-0.0,-0.000
20101,TKOFF,0.09,0.10,-0.02,0.00,-12.20,14.10,40.00,40.00,-4.82,1.0,0.833,0.5831,2.5761,0.0,1.5801,0.0,0.0152,0.0,-0.000
20201,TKOFF,0.09,0.10,-0.02,0.00,-12.33,14.10,40.00,40.00,-4.82,1.0,0.833,0.5831,2.5761,0.0,1.5801,0.0,-0.0000,-0.0,-0.000
20301,TKOFF,0.09,0.11,-0.02,0.00,-12.44,14.10,40.00,40.00,-4.82,1.0,0.833,0.5831,2.5761,0.0,1.5801,0.0,-0.0158,-0.0,-0.000
20401,TKOFF,0.09,0.11,-0.02,0.00,-12.55,14.10,40.00,40.00,-4.82,1.0,0.833,0.5831,2.5761,0.0,1.5801,0.0,0.0161,0.0,-0.000
20501,TKOFF,0.12,13.07,-0.02,0.00,-8.98,14.10,40.00,40.00,-4.82,1.0,1.011,0.4040,2.1282,0.0,1.3174,0.0,-0.0000,-0.0,-0.000
20601,TKOFF,0.33,12.83,-0.02,0.00,-3.32,14.10,40.00,40.00,-4.82,1.0,2.723,0.0841,1.3279,0.0,0.9040,0.0,-0.0000,-0.0,-0.000
20701,TKOFF,0.52,12.31,-0.02,0.00,-2.08,14.10,40.00,40.00,-4.82,1.0,4.351,0.0544,1.2535,0.1,0.8692,0.1,-0.0004,-0.0,-0.000
20801,TKOFF,0.70,11.32,-0.02,0.00,-1.55,14.10,40.00,40.00,-4.82,1.0,5.811,0.0461,1.2329,0.2,0.8597,0.1,-0.0004,-0.0,-0.000
20901,TKOFF,0.85,10.26,-0.02,0.00,-1.27,14.10,40.00,40.00,-4.82,1.0,7.096,0.0427,1.2243,0.2,0.8557,0.2,-0.0001,-0.0,-0.000
21001,TKOFF,0.99,9.24,-0.02,0.00,-1.35,14.10,40.00,40.00,-4.82,1.0,8.213,0.0410,1.2200,0.3,0.8537,0.2,293.4975,17.8,-0.000
21101,TKOFF,1.11,8.33,-0.06,0.00,-3.23,-15.91,40.00,40.00,-14.68,1.0,9.233,0.0399,0.7271,0.2,0.6851,0.2,523.7800,40.2,-0.000
21201,TKOFF,1.22,7.47,-0.15,0.00,-6.74,-31.16,40.00,40.00,-19.70,1.0,10.177,0.0392,0.4761,0.2,0.6096,0.2,678.1754,63.2,-0.000
21301,TKOFF,1.34,6.68,-0.28,0.00,-11.57,-38.65,40.00,40.00,-22.16,1.0,11.125,0.0387,0.3525,0.2,0.5750,0.3,795.6012,88.7,-0.000
21401,TKOFF,1.46,5.88,-0.45,0.00,-17.63,-42.32,40.00,40.00,-23.37,1.0,12.149,0.0382,0.2913,0.2,0.5585,0.3,892.8936,118.7,-0.000
21501,TKOFF,1.61,5.24,-0.70,0.00,-24.87,-44.12,40.00,40.00,-23.96,1.0,13.418,0.0378,0.2609,0.2,0.5504,0.4,984.3778,159.6,-0.000
21601,TKOFF,1.82,4.50,-1.03,0.00,-33.36,-45.01,40.00,40.00,-24.25,1.0,15.191,0.0374,0.2454,0.2,0.5462,0.5,1075.9455,223.5,-0.000
21701,TKOFF,2.17,6.78,-1.52,0.00,-36.78,-45.44,40.00,40.00,-24.40,1.0,18.112,0.0370,0.2372,0.3,0.5440,0.7,1154.9319,341.1,-0.000
21801,TKOFF,2.86,48.75,-2.49,0.00,1.29,-45.65,40.00,40.00,-24.47,1.0,23.861,0.0365,0.2327,0.5,0.5428,1.2,1260.9906,646.4,-0.000
21901,TKOFF,14.06,-17.04,-3.32,20.00,60.69,-45.76,40.00,40.00,-24.50,1.0,117.194,0.0360,81.5493,4201.3,372.9547,19214.3,1538.9926,19029.0,-0.000
22001,CRUISE,30.10,36.65,2.23,-20.00,-119.79,-45.81,0.00,0.00,-24.52,1.0,250.798,0.0360,-0.7350,-173.4,-0.0105,-2.5,-9.2456,-523.5,-0.000
22101,CRUISE,30.07,-14.51,3.02,20.00,26.67,-45.84,0.00,0.00,-24.53,1.0,250.612,0.0360,-0.6699,-157.8,-0.0148,-3.5,-3.3427,-189.0,-0.000
22201,CRUISE,30.30,-44.74,3.10,20.00,143.16,-45.85,0.00,0.00,-21.25,1.0,252.524,0.0360,-0.6702,-160.3,-0.0148,-3.5,-0.0000,-0.0,-0.000
22301,CRUISE,30.33,65.14,3.00,-20.00,-102.55,-45.85,0.00,0.00,-8.43,1.0,252.776,0.0360,-0.7355,-176.3,-0.0106,-2.5,-0.0207,-1.2,0.037
22401,CRUISE,31.08,8.87,3.55,10.33,10.33,-23.66,0.00,0.00,-11.06,1.0,258.997,0.0360,1.0133,255.0,0.0961,24.2,-0.0000,-0.0,0.090
22501,CRUISE,30.69,-70.21,4.20,20.00,123.65,-30.46,0.00,0.00,-15.79,15.0,17.040,0.0371,-0.3469,-85.1,0.0294,7.2,-0.0386,-2.3,0.141
22601,CRUISE,31.22,14.04,4.31,-20.00,-123.03,-21.43,0.00,0.00,-15.18,43.9,5.920,0.0458,-0.4268,-108.4,0.0736,18.7,0.0000,0.0,0.229
22701,TKOFF,4.98,74.62,-2.57,0.00,75.45,-19.78,40.00,40.00,-4.07,75.8,0.547,0.8000,2.5653,16.6,1.6235,10.5,1324.4718,2056.5,0.326
22801,TKOFF,8.55,-65.16,-8.40,-20.00,-127.45,-26.84,40.00,40.00,-10.97,108.5,0.657,0.8000,163.2730,3112.3,1494.0797,28479.7,1034.9802,4734.8,0.425
22901,TKOFF,6.54,45.26,3.16,-20.00,-62.92,-26.04,40.00,40.00,3.43,141.4,0.385,0.8000,162.3034,1806.6,1476.4054,16434.2,1493.1969,3989.1,0.525
23001,TKOFF,2.84,-26.15,2.57,0.00,46.80,-32.26,40.00,40.00,3.27,174.4,0.136,0.8000,2.3615,5.0,1.5199,3.2,1150.5862,580.3,0.625
23101,TKOFF,2.05,6.43,1.90,0.00,-110.57,-36.85,40.00,40.00,0.89,207.3,0.082,0.8000,2.2865,2.5,1.4829,1.6,1016.2658,265.8,0.725
23201,TKOFF,2.35,10.50,1.50,0.00,63.23,-41.44,40.00,40.00,-6.33,240.3,0.081,0.8000,2.2115,3.2,1.4466,2.1,1103.5632,379.5,0.825
23301,TKOFF,2.17,-26.51,1.72,0.00,-85.07,-43.69,40.00,40.00,-11.86,273.2,0.066,0.8000,2.1748,2.7,1.4290,1.8,1014.9804,299.2,0.925
23401,TKOFF,2.17,43.11,0.84,0.00,86.68,-44.80,40.00,40.00,-17.06,291.9,0.062,0.8000,2.1567,2.6,1.4204,1.7,1180.0125,348.0,0.982
23501,TKOFF,2.01,-60.13,1.04,0.00,-65.32,-45.34,40.00,40.00,-20.72,296.5,0.056,0.8000,2.1478,2.2,1.4163,1.5,1061.9649,266.9,0.996
23601,TKOFF,1.72,78.74,-0.13,0.00,100.10,-45.60,40.00,40.00,-22.66,297.6,0.048,0.8000,2.1435,1.7,1.4142,1.1,1228.9850,228.0,0.999
23701,TKOFF,1.49,-81.75,0.29,0.00,-44.89,-45.73,40.00,40.00,-23.62,297.8,0.042,0.8000,2.1414,1.2,1.4132,0.8,1129.0486,156.5,1.000
23801,TKOFF,1.24,66.37,-0.13,0.00,137.96,-45.80,40.00,40.00,-24.08,297.9,0.035,0.8000,2.1403,0.9,1.4127,0.6,1108.6991,105.8,1.000
23901,TKOFF,1.14,-52.27,0.29,0.00,-1.77,-45.83,40.00,40.00,-24.31,297.9,0.032,0.8000,2.1398,0.7,1.4124,0.5,461.5937,37.7,1.000
24001,TKOFF,0.73,41.26,0.36,0.00,-147.75,-43.92,40.00,40.00,-24.43,297.9,0.021,0.8000,2.1709,0.3,1.4272,0.2,348.1042,11.7,1.000
24101,TKOFF,1.12,-29.33,0.90,0.00,75.25,-44.77,40.00,40.00,-24.48,297.9,0.031,0.8000,2.1572,0.7,1.4207,0.5,231.4920,18.1,1.000
24201,TKOFF,1.37,16.32,1.41,0.00,-47.84,-45.32,40.00,40.00,-24.51,297.9,0.038,0.8000,2.1481,1.1,1.4164,0.7,781.4666,92.0,1.000
24301,TKOFF,1.44,-1.03,1.48,0.00,157.40,-45.60,40.00,40.00,-24.52,297.9,0.040,0.8000,2.1436,1.2,1.4142,0.8,714.5785,93.2,1.000
24401,TKOFF,1.18,49.06,0.00,0.00,0.00,-24.24,40.00,40.00,-9.16,297.9,0.033,0.8000,2.4925,0.9,1.5860,0.6,1253.2472,109.0,1.000
24501,TKOFF,2.39,31.94,-0.09,0.00,-2.19,-28.77,40.00,40.00,-6.34,297.9,0.067,0.8000,2.4185,3.6,1.5484,2.3,1324.2959,473.1,1.000
24601,TKOFF,4.38,30.01,-1.35,0.00,-17.05,-37.52,40.00,40.00,-15.63,297.9,0.123,0.8000,2.2755,11.4,1.4776,7.4,1373.1767,1650.0,1.000
24701,TKOFF,4.87,43.02,-1.61,0.00,125.23,-41.77,40.00,40.00,-13.90,297.9,0.136,0.8000,2.2061,13.6,1.4440,8.9,1528.0986,2264.1,1.000
24801,TKOFF,4.49,-26.89,-0.31,0.00,-20.14,-43.85,40.00,40.00,-2.93,297.9,0.126,0.8000,2.1721,11.4,1.4278,7.5,1522.7409,1919.9,1.000
24901,TKOFF,4.51,11.52,0.33,0.00,-172.40,-44.87,40.00,40.00,2.92,297.9,0.126,0.8000,2.1554,11.4,1.4198,7.5,1523.1360,1939.3,1.000
25001,TKOFF,4.86,2.46,1.63,0.00,42.60,-45.38,40.00,40.00,10.86,297.9,0.136,0.8000,2.1472,13.2,1.4159,8.7,1528.1733,2256.3,1.000
25101,TKOFF,0.24,14.00,0.00,0.00,0.00,-34.88,40.00,40.00,15.30,297.9,0.007,0.8000,2.3187,0.0,1.4987,0.0,4873.7773,17.9,1.000
25201,TKOFF,0.82,6.55,0.00,0.00,0.00,-12.82,40.00,40.00,13.08,297.9,0.023,0.8000,2.6790,0.5,1.6834,0.3,1882.2933,80.1,1.000
25301,TKOFF,1.39,-6.61,0.00,0.00,0.00,13.79,40.00,40.00,-3.95,297.9,0.039,0.8000,3.1138,1.6,1.9256,1.0,1698.4893,204.1,1.000
25401,TKOFF,1.93,-10.36,0.00,0.00,0.00,30.12,40.00,40.00,-14.44,297.9,0.054,0.8000,3.3806,3.3,2.0846,2.0,1648.8993,384.9,1.000
25501,TKOFF,2.46,-6.38,0.00,0.00,0.01,38.14,40.00,40.00,-19.58,297.9,0.069,0.8000,3.5115,5.6,2.1656,3.4,1628.5303,618.2,1.000
25601,TKOFF,2.97,0.27,0.00,0.00,0.01,26.28,40.00,40.00,-22.10,297.9,0.083,0.8000,3.3178,7.6,2.0465,4.7,1619.4565,895.8,1.000
25701,TKOFF,3.47,6.08,0.00,0.00,0.01,-9.67,40.00,40.00,-23.34,297.9,0.097,0.8000,2.7305,8.5,1.7110,5.4,1616.0830,1213.9,1.000
25801,TKOFF,3.94,9.77,0.00,0.00,0.02,-28.10,40.00,40.00,-23.95,297.9,0.110,0.8000,2.4294,9.8,1.5539,6.3,1613.5243,1569.9,1.000
25901,TKOFF,4.41,11.52,0.00,0.00,0.02,-37.15,40.00,40.00,-24.25,297.9,0.123,0.8000,2.2817,11.6,1.4806,7.5,1611.5576,1960.3,1.000
26001,TKOFF,4.86,11.69,0.00,0.00,0.02,-41.58,40.00,40.00,-24.39,297.9,0.136,0.8000,2.2092,13.6,1.4455,8.9,1610.0626,2376.0,1.000
26101,TKOFF,5.29,11.83,-0.00,3.10,3.10,-43.76,40.00,40.00,-24.47,297.9,0.148,0.8000,2.7824,20.3,1.5974,11.7,1608.5593,2819.3,1.000
26201,TKOFF,5.71,13.01,-0.00,6.73,6.73,-44.83,40.00,40.00,-24.50,297.9,0.160,0.8000,3.4829,29.6,1.8392,15.6,1605.7661,3275.7,1.000
26301,TKOFF,6.10,15.09,0.00,10.91,10.91,-45.35,40.00,40.00,-24.52,297.9,0.171,0.8000,4.3009,41.7,2.1937,21.3,1599.6046,3723.8,1.000
26401,TKOFF,6.46,17.76,0.00,15.60,15.60,-45.61,40.00,40.00,-24.53,297.9,0.181,0.8000,5.2399,57.1,2.6944,29.3,1587.4737,4148.6,1.000
26501,TKOFF,5.68,21.18,-0.06,20.00,20.03,-45.74,40.00,40.00,-24.53,297.9,0.159,0.8000,85.1473,714.5,407.1600,3416.6,1575.6982,3173.3,1.000
26601,TKOFF,5.00,24.30,-0.08,0.00,22.79,-45.80,40.00,40.00,-24.53,297.9,0.140,0.8000,2.1403,13.9,1.4127,9.2,1609.8366,2514.2,1.000
26701,TKOFF,5.00,26.76,-0.08,0.00,25.80,-45.83,40.00,40.00,-24.53,297.9,0.140,0.8000,2.1398,13.9,1.4124,9.2,1609.8357,2515.0,1.000
26801,TKOFF,4.99,28.74,-0.08,0.00,28.78,-45.85,40.00,40.00,-24.53,297.9,0.140,0.8000,2.1395,13.9,1.4123,9.2,1609.8698,2504.2,1.000
26901,TKOFF,5.00,30.69,-0.08,0.00,31.76,-45.85,40.00,40.00,-24.53,297.9,0.140,0.8000,2.1394,13.9,1.4123,9.2,1609.8393,2514.2,1.000
27001,TKOFF,5.00,32.74,-0.08,0.00,34.74,-45.86,40.00,40.00,-24.53,297.9,0.140,0.8000,2.1394,13.9,1.4122,9.2,1609.8448,2512.5,1.000
27101,TKOFF,4.98,35.02,-0.08,0.00,37.72,-45.86,40.00,40.00,-24.53,297.9,0.139,0.8000,2.1393,13.9,1.4122,9.1,1609.8789,2501.5,1.000
27201,TKOFF,5.00,37.46,-0.08,0.00,40.70,-45.86,40.00,40.00,-24.53,297.9,0.140,0.8000,2.1393,13.9,1.4122,9.2,1609.8476,2511.6,1.000
27301,TKOFF,5.00,40.06,-0.08,0.00,43.69,-45.86,40.00,40.00,-24.53,297.9,0.140,0.8000,2.1393,13.9,1.4122,9.2,1609.8333,2516.3,1.000
27401,TKOFF,4.99,42.73,-0.08,0.00,46.67,-45.86,40.00,40.00,-24.53,297.9,0.140,0.8000,2.1393,13.9,1.4122,9.2,1609.8681,2504.9,1.000
27501,TKOFF,4.97,45.46,-0.08,0.00,49.65,-45.86,40.00,40.00,-24.53,297.9,0.139,0.8000,2.1393,13.8,1.4122,9.1,1609.9196,2488.4,1.000
27601,TKOFF,4.98,48.19,-0.08,0.00,52.63,-45.86,40.00,40.00,-24.53,297.9,0.139,0.8000,2.1393,13.8,1.4122,9.1,1609.9063,2492.7,1.000
27701,TKOFF,5.00,63.74,-2.99,0.00,52.74,-45.86,40.00,40.00,-24.53,297.9,0.140,0.8000,2.1393,13.9,1.4122,9.2,1351.7189,2113.0,1.000
27801,TKOFF,4.14,-66.69,-3.09,0.00,-123.13,-45.86,40.00,40.00,-24.53,297.9,0.116,0.8000,2.1393,9.6,1.4122,6.3,1517.0146,1626.2,1.000
27901,TKOFF,3.84,82.00,-2.25,0.00,88.59,-45.86,40.00,40.00,-24.53,297.9,0.107,0.8000,2.1393,8.2,1.4122,5.4,1511.3202,1394.2,1.000
28001,TKOFF,3.09,-69.38,-1.02,0.00,-55.69,-45.86,40.00,40.00,-24.53,297.9,0.087,0.8000,2.1393,5.3,1.4122,3.5,1493.2567,893.2,1.000
28101,TKOFF,3.09,49.95,-0.36,0.00,156.65,-45.86,40.00,40.00,-24.53,297.9,0.086,0.8000,2.1393,5.3,1.4122,3.5,1493.2252,892.5,1.000
28201,TKOFF,3.18,-29.88,0.96,0.00,20.01,-45.86,40.00,40.00,-24.53,297.9,0.089,0.8000,2.1393,5.6,1.4122,3.7,1495.8008,947.9,1.000
28301,TKOFF,1.72,9.56,-0.47,0.00,-172.75,-45.86,40.00,40.00,-24.53,297.9,0.048,0.8000,2.1393,1.7,1.4122,1.1,934.0713,173.6,1.000
28401,TKOFF,2.16,11.08,-0.81,0.00,21.28,-45.86,40.00,40.00,-24.53,297.9,0.060,0.8000,2.1393,2.6,1.4122,1.7,1075.5897,312.5,1.000
28501,TKOFF,1.48,-32.06,-1.13,0.00,-165.53,-45.86,40.00,40.00,-24.53,297.9,0.041,0.8000,2.1393,1.2,1.4122,0.8,678.4978,92.4,1.000
28601,TKOFF,2.04,53.79,-1.71,0.00,27.91,-45.86,40.00,40.00,-24.53,297.9,0.057,0.8000,2.1393,2.3,1.4122,1.5,1196.3051,311.7,1.000
28701,TKOFF,1.51,-72.49,-1.43,0.00,-145.00,-45.86,40.00,40.00,-24.53,297.9,0.042,0.8000,2.1393,1.3,1.4122,0.8,1014.4287,144.4,1.000
28801,TKOFF,2.28,78.03,-2.32,0.00,41.99,-45.86,40.00,40.00,-24.53,297.9,0.064,0.8000,2.1393,2.9,1.4122,1.9,1264.9224,409.3,1.000
28901,TKOFF,1.47,-66.02,-1.51,0.00,-124.04,-45.86,40.00,40.00,-24.53,297.9,0.041,0.8000,2.1393,1.2,1.4122,0.8,921.8719,125.1,1.000
29001,TKOFF,2.07,52.43,-2.03,0.00,55.57,-45.86,40.00,40.00,-24.53,297.9,0.058,0.8000,2.1393,2.4,1.4122,1.6,1196.1035,320.9,1.000
29101,TKOFF,1.38,-37.02,-1.29,0.00,-111.78,-45.86,40.00,40.00,-24.53,297.9,0.039,0.8000,2.1393,1.1,1.4122,0.7,612.0354,73.2,1.000
29201,TKOFF,1.83,19.26,-1.16,0.00,61.32,-45.86,40.00,40.00,-24.53,297.9,0.051,0.8000,2.1393,1.9,1.4122,1.2,1018.9198,212.8,1.000
29301,TKOFF,1.58,0.56,-0.95,0.00,-101.05,-45.86,40.00,40.00,-24.53,297.9,0.044,0.8000,2.1393,1.4,1.4122,0.9,813.9634,126.4,1.000
29401,TKOFF,2.15,-21.92,-0.42,0.00,73.76,-45.86,40.00,40.00,-24.53,297.9,0.060,0.8000,2.1393,2.6,1.4122,1.7,1008.2225,292.1,1.000
29501,TKOFF,2.65,43.78,-1.37,0.00,-67.05,-45.86,40.00,40.00,-24.53,297.9,0.074,0.8000,2.1393,3.9,1.4122,2.6,1232.4462,542.0,1.000
29601,TKOFF,4.93,-65.61,-2.77,0.00,135.70,-45.86,40.00,40.00,-24.53,297.9,0.138,0.8000,2.1393,13.6,1.4122,9.0,1529.2082,2327.9,1.000
29701,TKOFF,4.27,84.67,-1.93,0.00,-31.44,-45.86,40.00,40.00,-24.53,297.9,0.119,0.8000,2.1393,10.2,1.4122,6.7,1519.2367,1730.0,1.000
29801,TKOFF,4.13,-71.12,-0.71,0.00,151.99,-45.86,40.00,40.00,-24.53,297.9,0.116,0.8000,2.1393,9.5,1.4122,6.3,1516.8495,1618.2,1.000
29901,TKOFF,3.93,49.73,-0.04,0.00,-17.30,-45.86,40.00,40.00,-24.53,297.9,0.110,0.8000,2.1393,8.6,1.4122,5.7,1513.0738,1460.2,1.000
30001,TKOFF,4.16,-25.62,1.28,0.00,164.70,-45.86,40.00,40.00,-24.53,297.9,0.116,0.8000,2.1393,9.6,1.4122,6.4,1517.2849,1637.8,1.000
30101,TKOFF,4.46,1.64,1.93,0.00,-2.95,-43.19,40.00,40.00,-24.53,297.9,0.125,0.8000,2.1830,11.3,1.4329,7.4,1522.1738,1889.6,1.000
30201,TKOFF,4.95,21.77,3.19,0.00,-177.14,-44.55,40.00,40.00,-24.53,297.9,0.138,0.8000,2.1607,13.8,1.4224,9.1,1529.3006,2339.6,1.000
30301,TKOFF,13.93,-42.92,-6.39,-20.00,-144.87,-43.18,40.00,40.00,-24.53,297.9,0.390,0.8000,177.7226,8988.9,1769.9443,89520.7,1524.1706,18501.6,1.000
30401,TKOFF,22.10,60.49,3.38,-20.00,-109.07,-44.54,40.00,40.00,-24.53,297.9,0.618,0.8000,178.5470,22709.4,1786.3875,227210.8,1534.1466,46830.8,1.000
30501,TKOFF,26.22,-77.64,-25.31,-20.00,-150.43,-43.04,40.00,40.00,-24.53,297.9,0.734,0.7467,177.6194,31813.9,1767.8471,316643.6,1537.0183,66071.8,1.000
30601,TKOFF,20.60,74.41,19.81,-20.00,-130.04,-44.48,40.00,40.00,-24.53,297.9,0.576,0.8000,178.5069,19729.3,1785.5845,197350.4,1532.8938,40661.3,1.000
30701,TKOFF,28.48,-58.09,-29.13,-20.00,-137.15,-43.92,40.00,40.00,-24.53,297.9,0.797,0.6362,178.1262,37613.2,1777.8510,375411.4,1538.4709,77967.3,1.000
30801,TKOFF,21.86,40.66,20.30,-20.00,-136.66,-44.91,40.00,40.00,-13.82,297.9,0.611,0.8000,178.7582,22241.3,1790.6122,222790.0,1533.9555,45805.6,1.000
30901,TKOFF,26.63,-10.78,-19.40,-20.00,-134.55,-45.40,40.00,40.00,4.12,297.9,0.745,0.7248,179.0135,33050.4,1795.6640,331525.2,1537.2923,68117.6,1.000
31001,TKOFF,23.54,-16.92,9.46,-20.00,-136.79,-45.63,40.00,40.00,12.83,297.9,0.659,0.8000,179.1691,25856.5,1798.8447,259597.4,1535.2025,53172.1,1.000
31101,TKOFF,25.65,33.25,-1.63,-20.00,-136.36,-45.75,40.00,40.00,17.10,297.9,0.717,0.7798,179.2276,30700.7,1800.0021,308330.3,1536.5939,63170.4,1.000
31201,TKOFF,23.54,-35.21,-5.83,-20.00,-133.96,-45.80,40.00,40.00,19.19,297.9,0.658,0.8000,179.2653,25861.5,1800.7753,259786.3,1535.1990,53153.6,1.000
31301,TKOFF,26.70,28.14,16.96,-20.00,-138.29,-45.83,40.00,40.00,20.22,297.9,0.747,0.7208,179.2567,33280.9,1800.5390,334288.6,1537.3420,68501.6,1.000
31401,TKOFF,21.74,-15.97,-17.90,-20.00,-133.47,-45.85,40.00,40.00,20.72,297.9,0.608,0.8000,179.2884,22065.8,1801.2381,221686.2,1533.8575,45306.8,1.000
